Keyword,Date,Status
รับทำบัตรพนักงาน เชียงใหม่,2026-06-28,Pending
สายคล้องคอโพลีเอสเตอร์ ขอนแก่น,2026-06-29,Pending
ทำบัตรพนักงาน นนทบุรี,2026-06-30,Pending
สายคล้องคอ สมุทรปราการ,2026-07-01,Pending
รับทำบัตรนักเรียน บัตรข้าราชการ ชลบุรี,2026-07-02,Pending
ทำบัตรพลาสติก ระยอง,2026-07-03,Pending
สายคล้องคอราคาถูก สุราษฎร์ธานี,2026-07-04,Pending
รับทำบัตรพนักงาน สงขลา,2026-07-05,Pending
ทำบัตรสมาชิก VIP Card ภูเก็ต,2026-07-06,Pending
สายคล้องบัตร นครราชสีมา,2026-07-07,Pending
รับทำบัตรพนักงาน อุดรธานี,2026-07-08,Pending
ทำบัตรพลาสติก ขอนแก่น,2026-07-09,Pending
สายคล้องคอพิมพ์โลโก้ เชียงราย,2026-07-10,Pending
รับทำบัตรนักเรียน นครปฐม,2026-07-11,Pending
ทำบัตรพนักงาน สมุทรสาคร,2026-07-12,Pending
สายคล้องคอราคาส่ง ปทุมธานี,2026-07-13,Pending
รับทำบัตรข้าราชการ อยุธยา,2026-07-14,Pending
ทำบัตรสมาชิกร้านค้า นครสวรรค์,2026-07-15,Pending
สายคล้องคอซับลิเมชั่น พิษณุโลก,2026-07-16,Pending
รับทำบัตรพนักงาน อุบลราชธานี,2026-07-17,Pending
ทำบัตรพลาสติก สระบุรี,2026-07-18,Pending
สายคล้องบัตรพนักงาน ลำปาง,2026-07-19,Pending
รับทำบัตรนักเรียน นครศรีธรรมราช,2026-07-20,Pending
ทำบัตรคีย์การ์ด RFID สมุทรสาคร,2026-07-21,Pending
สายคล้องคอ ราชบุรี,2026-07-22,Pending
รับทำบัตรพนักงาน สุพรรณบุรี,2026-07-23,Pending
ทำบัตรสะสมแต้ม กาญจนบุรี,2026-07-24,Pending
สายคล้องคอโพลีเอสเตอร์ ลำพูน,2026-07-25,Pending
รับทำบัตรพลาสติก ฉะเชิงเทรา,2026-07-26,Pending
ทำบัตรข้าราชการ หาดใหญ่,2026-07-27,Pending
สายคล้องคอพิมพ์โลโก้ นนทบุรี,2026-07-28,Pending
รับทำบัตรนักเรียน ปราจีนบุรี,2026-07-29,Pending
ทำบัตรพนักงาน ตรัง,2026-07-30,Pending
สายคล้องบัตรราคาถูก กระบี่,2026-07-31,Pending
รับทำบัตรสมาชิก พัทยา,2026-08-01,Pending
ทำบัตรพลาสติก เพชรบุรี,2026-08-02,Pending
สายคล้องคอ มหาสารคาม,2026-08-03,Pending
รับทำบัตรพนักงาน สกลนคร,2026-08-04,Pending
ทำบัตรนักเรียน ชัยภูมิ,2026-08-05,Pending
สายคล้องคอโพลีเอสเตอร์ บุรีรัมย์,2026-08-06,Pending
รับทำบัตรข้าราชการ สุรินทร์,2026-08-07,Pending
ทำบัตรพลาสติก ศรีสะเกษ,2026-08-08,Pending
สายคล้องคอพิมพ์ชื่อ เลย,2026-08-09,Pending
รับทำบัตรพนักงาน หนองบัวลำภู,2026-08-10,Pending
ทำบัตรสมาชิก VIP นครพนม,2026-08-11,Pending
สายคล้องบัตร มุกดาหาร,2026-08-12,Pending
รับทำบัตรพนักงาน ยโสธร,2026-08-13,Pending
ทำบัตรพลาสติก อำนาจเจริญ,2026-08-14,Pending
สายคล้องคอราคาถูก ร้อยเอ็ด,2026-08-15,Pending
รับทำบัตรนักเรียน กาฬสินธุ์,2026-08-16,Pending
